{
  "filename": "教育部学历证书电子注册备案表_胡伟伟 (1).pdf",
  "total_chunks": 1,
  "total_pages": 1,
  "loading_method": "pymupdf",
  "loading_strategy": null,
  "chunking_strategy": null,
  "chunking_method": "loaded",
  "timestamp": "2025-12-23T21:29:36.550863",
  "chunks": [
    {
      "content": "注意事项：\n1、备案表是依据《高等学校学生学籍学历电子注册办法》(教学[2014]11号)对学历证书电子注册复核备案的结果。\n2、备案表内容如有修改，请以最新在线验证的内容为准。\n3、未经学历信息权属人同意，不得将备案表用于违背权属人意愿之用途。\n4、报告在线验证有效期由报告权属人设置（1~6个月），其在报告验证到期前可再次延长验证有效期。\n在线验证码 591428394748\n①验证报告在线查验网址：https://www.chsi.com.cn/xlcx/bgcx.jsp\n②使用学信网App扫描二维码验证\n教育部学历证书电子注册备案表\n更新日期：2025年02月21日\n姓名\n胡伟伟\n性别\n男\n出生日期\n1993年12月26日\n入学日期\n2012年09月01日\n毕（结）业日期\n2016年07月01日\n学校名称\n西安邮电大学\n专业\n应用物理学\n学制\n4 年\n层次\n本科\n学历类别\n普通高等教育\n学习形式\n普通全日制\n毕（结）业\n毕业\n证书编号\n1166 4120 1605 1753 47\n校（院）长姓名\n范九伦",
      "metadata": {
        "chunk_id": 1,
        "page_number": 1,
        "page_range": "1",
        "word_count": 44
      }
    }
  ]
}